row_id,x,y,accuracy,place_id,time
1,779410,0.940509,0.664560,10051,13937,14749413
2,969758,0.156519,0.096970,79449,98084,17472785
3,491574,0.380657,0.318058,82873,44968,6294314
4,110790,0.218553,0.203187,49956,74911,18521862
5,866378,0.297083,0.752573,31650,61588,14961930
6,288344,0.028303,0.158328,88459,41803,1706253
7,761883,0.059121,0.692025,87780,83115,11620030
8,50020,0.278508,0.423152,81907,72719,6057643
9,663110,0.361805,0.880543,69721,85917,2092821
10,264449,0.074291,0.222289,79825,12746,6689893
11,771718,0.741849,0.801055,87610,75024,9198898
12,802269,0.682653,0.978929,31750,19657,10590143
13,642512,0.954945,0.347954,7257,31643,12107074
14,819019,0.551765,0.755824,40041,62788,21173431
15,62911,0.322084,0.721148,8055,92041,14379020
16,18631,0.369693,0.236823,38218,46632,5129065
17,74904,0.126753,0.281330,50071,3385,13423813
18,702441,0.623609,0.729181,4765,95868,15806952
19,163850,0.497868,0.603978,50113,40571,40885
20,854123,0.915821,0.589834,587,46637,18855158
21,50629,0.600166,0.026265,22529,22822,13782212
22,666788,0.173656,0.592624,23796,56611,651171
23,53511,0.975675,0.750763,18900,32438,3241928
24,844559,0.831931,0.231830,73902,8039,1929215
25,878397,0.392216,0.589383,21338,31530,12639580
26,570741,0.552580,0.491607,304,95221,2305991
27,9439,0.393251,0.130414,8989,84666,14045432
28,826867,0.520380,0.099730,8884,84759,6769042
29,410736,0.137804,0.322611,27497,88044,11011904
30,345915,0.653040,0.524500,84247,72840,13671830
31,851786,0.030682,0.098031,90989,42700,7466407
32,470758,0.253000,0.216471,41749,65656,10876941
33,853140,0.331368,0.827928,15080,23213,21456786
34,796056,0.111675,0.780754,31514,65929,15347975
35,576466,0.848633,0.973882,30433,75395,20297902
36,47840,0.645833,0.311886,69217,13135,1771237
37,710666,0.400188,0.900275,60190,75452,10724221
38,760367,0.019809,0.645039,93442,37724,19057789
39,354276,0.765008,0.035755,9786,85700,11018470
40,650895,0.724229,0.879845,68315,50299,17871314
41,537874,0.913399,0.075037,89240,78270,16143506
42,814789,0.096934,0.014827,96514,82595,21437766
43,929262,0.985466,0.834806,32933,42890,20530386
44,68528,0.184391,0.967094,86864,81923,17305964
45,641777,0.718530,0.406737,85412,84865,401863
46,937549,0.423553,0.015181,12656,72862,18376112
47,87444,0.659031,0.347859,69037,22068,496274
48,880703,0.261176,0.834948,16009,11951,19321986
49,746098,0.100199,0.643204,41625,96403,5634608
50,960538,0.214654,0.822093,12661,42612,12419998
51,495699,0.119851,0.911614,70556,83631,6961582
52,622367,0.349289,0.303802,10966,38143,4465544
53,919152,0.302202,0.807941,64816,66867,13762467
54,713552,0.809874,0.181591,17617,94128,10623181
55,976373,0.710744,0.273495,8224,74457,20280774
56,293648,0.288638,0.975895,18100,28438,6772346
57,578595,0.751563,0.535791,23860,45174,9854468
58,42753,0.481530,0.550616,10712,59233,15945382
59,64679,0.066151,0.262491,3389,58496,8792214
60,834437,0.097262,0.901628,31521,74175,2347342
61,673079,0.257055,0.989132,42276,62199,6525926
62,143134,0.176490,0.813591,35890,55040,5376631
63,362326,0.751241,0.004880,37911,49471,285304
64,981173,0.899371,0.962624,7725,22017,1097237
65,170903,0.475697,0.347468,67015,57904,5586134
66,232371,0.960498,0.936708,61517,75031,16245334
67,921017,0.338977,0.472492,80284,77471,5361300
68,665729,0.789717,0.756210,37220,19136,14119820
69,74921,0.919254,0.149685,72929,89251,5329677
70,719289,0.699789,0.081969,44324,77127,13357383
71,340441,0.140575,0.159204,2849,42329,5278342
72,903600,0.536981,0.338181,52019,65574,15759412
73,537662,0.423474,0.463040,38778,34626,9775122
74,327208,0.719886,0.423702,85420,6858,14657039
75,121544,0.248583,0.386861,80259,35314,6155499
76,376445,0.198562,0.994606,21583,6533,8854406
77,849524,0.131190,0.545603,49130,33419,16713947
78,684086,0.654380,0.631348,89676,15492,12151893
79,962695,0.452483,0.596179,81954,31348,17402781
80,652952,0.081475,0.335518,33884,81327,13478868
81,429967,0.793215,0.084187,41243,1215,9024099
82,931154,0.216997,0.078246,1018,92286,7893582
83,625690,0.900300,0.661830,41699,6276,14336887
84,560934,0.006627,0.206175,20575,33619,17356856
85,460458,0.609950,0.452204,82525,53217,5301376
86,646870,0.153476,0.004489,71295,18467,7027920
87,951231,0.430292,0.440095,19040,76724,11211563
88,531175,0.848287,0.163858,81671,48330,5913192
89,704522,0.929300,0.103289,79685,33971,10145338
90,962126,0.375478,0.687804,79789,3421,2069939
91,113028,0.523107,0.348580,95257,2466,7904910
92,311906,0.091018,0.263148,27753,93130,16231824
93,444308,0.318682,0.628397,8470,91767,12401033
94,892322,0.110490,0.346799,16251,97955,18963073
95,642405,0.179846,0.447303,22531,616,3535513
96,578051,0.651174,0.783473,77493,21365,15703218
97,498068,0.251260,0.612437,8054,19353,10738964
98,176668,0.281010,0.438008,91053,26750,15094980
99,699200,0.941678,0.089558,72992,70461,2016971
100,300403,0.063220,0.503264,39249,84574,8691657
101,141496,0.318169,0.951172,76675,38594,3565437
102,381734,0.649651,0.255871,48608,82621,20625044
103,815372,0.930812,0.615404,59969,7998,1413653
104,204191,0.724129,0.123172,10194,78237,11715056
105,311672,0.050571,0.627972,12710,9643,10142584
106,947158,0.567039,0.406389,49343,50861,18349541
107,565439,0.694766,0.332190,29757,71863,16940046
108,97629,0.852016,0.309490,45450,59908,3825656
109,4819,0.773729,0.291793,40017,34722,4642101
110,366787,0.501268,0.412900,8200,44708,5193262
111,131727,0.574483,0.334416,12896,59044,3827302
112,405251,0.653160,0.498331,10913,38610,14074972
113,729193,0.259323,0.932308,76190,30289,18190205
114,557335,0.147986,0.612451,9576,45862,18481087
115,194422,0.415078,0.799948,42175,74996,4565992
116,487537,0.162724,0.944086,64784,69005,5255409
117,539494,0.254205,0.615485,71423,73378,11283463
118,769533,0.465564,0.860608,26162,12950,19283371
119,119793,0.294220,0.078798,96466,46700,9109969
120,372695,0.056832,0.180390,12548,16745,8944972
121,911681,0.129207,0.202459,1,87615,17394865
122,876174,0.185761,0.012481,38276,29649,17078848
123,920921,0.540751,0.951960,79792,9250,6983324
124,936619,0.540622,0.541541,38416,31987,7502018
125,975762,0.185606,0.642311,92110,82945,17908130
126,291031,0.644224,0.019875,23143,8155,14093370
127,319318,0.099331,0.972798,8105,61413,18800237
128,573592,0.011610,0.760825,57102,71453,8625493
129,842327,0.067128,0.187994,40727,26954,6063753
130,715446,0.926082,0.946046,28145,58837,495114
131,360890,0.073232,0.899905,26114,22597,15480300
132,429915,0.250667,0.357945,36038,9070,5724092
133,192258,0.128336,0.775079,74072,84532,12153238
134,735513,0.289877,0.606723,4896,42314,3462064
135,998327,0.726131,0.584104,12161,98438,15919264
136,569590,0.283578,0.945022,4885,77665,7948134
137,66162,0.007672,0.013934,34658,81979,16114446
138,641073,0.860784,0.156042,35616,70461,20352304
139,131881,0.737417,0.597277,8657,44873,14740241
140,901410,0.041321,0.648045,24415,68441,1570665
141,514107,0.171301,0.888864,44110,46166,13550037
142,595639,0.222980,0.644637,56273,95047,5191937
143,873106,0.728496,0.597006,34148,25663,10882675
144,812850,0.854651,0.688380,1079,8690,16126549
145,148421,0.328914,0.278313,21918,37415,17455017
146,206888,0.962712,0.123267,56375,11702,19528116
147,163316,0.756342,0.589582,17207,44696,3449874
148,366467,0.232199,0.619459,14099,8161,9778591
149,752413,0.906805,0.327004,43940,91008,2810049
150,344585,0.905309,0.645724,19873,35103,9000056
151,740203,0.804997,0.686955,91343,53214,119904
152,5066,0.877219,0.974318,52883,21099,12049698
153,955972,0.134508,0.138121,2288,52081,21067160
154,320226,0.015903,0.480348,26148,64307,5144371
155,773293,0.383216,0.026039,61395,51128,5242879
156,593081,0.628120,0.952574,67367,54769,5243660
157,662339,0.140208,0.466861,10952,13233,11667750
158,358927,0.021115,0.406980,22600,27792,17125827
159,684073,0.290480,0.328577,30085,20744,2626721
160,339073,0.100887,0.926744,56820,60043,3681520
161,900914,0.519344,0.309882,15037,95751,4681732
162,422284,0.640563,0.501779,81164,51620,16888473
163,190655,0.605714,0.701917,36537,24752,2530064
164,507124,0.168891,0.649193,4239,23362,6622238
165,777979,0.500357,0.323587,84834,2625,19178152
166,417630,0.065733,0.892230,89931,56452,17180412
167,781106,0.590810,0.770509,76882,42871,15736634
168,687717,0.427177,0.134273,80685,4683,6749350
169,248230,0.516642,0.114904,70020,30415,16375427
170,707923,0.137332,0.268594,60251,73028,8759576
171,272217,0.164753,0.533701,97852,28240,6147316
172,962760,0.821896,0.796849,63451,23189,12976692
173,146051,0.142456,0.412435,91571,77936,12848190
174,579688,0.592553,0.825130,51842,20305,20015970
175,742542,0.406887,0.002251,41768,53967,12947048
176,258767,0.785815,0.271638,26304,3583,564126
177,488088,0.319085,0.919419,85820,91836,1831035
178,899374,0.313427,0.397739,31296,20804,1468090
179,483519,0.545068,0.220309,45937,91146,13059584
180,822616,0.517380,0.613698,17630,36173,8889340
181,40456,0.533531,0.822773,65791,13771,12112917
182,697187,0.060312,0.163328,98011,15741,15064654
183,896031,0.561613,0.967384,5840,29006,8259580
184,860738,0.540611,0.848028,6118,18025,12155216
185,871332,0.903579,0.693023,72456,96998,8900812
186,111179,0.195333,0.683090,70770,34036,5968300
187,951596,0.636466,0.784449,28632,78918,18951072
188,922411,0.879520,0.672060,73353,53182,8182490
189,45290,0.967032,0.355051,54243,61875,17385552
190,530332,0.272067,0.680251,48154,18674,12732503
191,211859,0.039729,0.188291,71187,30332,3351860
192,729905,0.548790,0.432456,37534,95592,10829398
193,859279,0.240804,0.251665,63091,97818,17360553
194,641971,0.075662,0.774034,6754,21363,14259057
195,634741,0.467189,0.241343,12008,64778,9679079
196,604963,0.197754,0.598944,13421,92712,16875085
197,458207,0.944698,0.656757,37385,48245,20389340
198,889652,0.191197,0.812367,65005,26476,5038294
199,243140,0.058954,0.262026,92752,94305,14727680
200,34457,0.377992,0.181231,59650,69650,954405
201,494424,0.394853,0.307361,94927,8714,10693623
202,478328,0.184428,0.562346,37971,53559,9267053
203,535721,0.377321,0.192973,84684,90005,12804528
204,654136,0.285576,0.728296,92296,57203,2384114
205,525111,0.862872,0.846446,27406,44927,9916764
206,964186,0.559116,0.222005,37176,46335,16493000
207,317448,0.034104,0.785049,35085,39811,20732181
208,808614,0.803747,0.481197,94330,70461,10429466
209,769536,0.955292,0.969831,2801,44918,15074388
210,671800,0.517306,0.082101,6755,92082,16182248
211,969692,0.424914,0.394320,84109,20040,14281619
212,254098,0.308102,0.374508,51790,57074,8849455
213,190336,0.955924,0.385954,15059,85771,4369744
214,239665,0.941097,0.573615,70339,51169,17756104
215,723078,0.348702,0.910526,91132,40676,18869676
216,575,0.790169,0.822978,9534,68601,13685782
217,767461,0.654732,0.448980,60657,37572,12497582
218,675433,0.656936,0.858479,66406,60628,10408797
219,531990,0.593786,0.063855,57262,59469,14150333
220,488934,0.598313,0.226286,47354,74820,11868510
221,863958,0.147333,0.659726,10768,17121,19968151
222,308097,0.615077,0.155477,26635,23235,14546478
223,512554,0.400585,0.271026,70954,21062,8047941
224,217348,0.460190,0.609114,30480,72602,14797942
225,261356,0.108130,0.148756,12124,91809,7734955
226,117755,0.162765,0.599548,38278,43500,11426385
227,394223,0.354684,0.208275,57210,54967,19030023
228,161390,0.104899,0.800834,90045,45430,3056618
229,490020,0.095854,0.396227,22552,53253,20151134
230,365021,0.281719,0.633150,18900,70726,18285680
231,128261,0.921439,0.340559,47318,81236,17869506
232,115477,0.137102,0.351152,52492,43342,12717277
233,434465,0.678031,0.133145,9977,6508,10124606
234,616300,0.275397,0.509363,95536,55102,16285233
235,437100,0.491957,0.099455,32927,66492,6653731
236,971100,0.749816,0.319034,93848,35894,14085066
237,901415,0.253210,0.439661,96027,29615,3610448
238,162955,0.062080,0.511955,29448,91260,16989760
239,697042,0.103652,0.669198,48594,12277,914811
240,536547,0.963080,0.401406,49768,91987,16761583
241,692963,0.554724,0.492038,14954,26115,10874146
242,972339,0.696829,0.957109,5691,99567,6135252
243,268387,0.076936,0.172432,27779,99632,19300093
244,376500,0.931175,0.963110,43843,87089,2724518
245,372065,0.845142,0.540462,1016,88778,9770296
246,388897,0.877747,0.373357,66915,21833,4377064
247,678696,0.029482,0.460673,92792,76832,16671297
248,222660,0.741336,0.187873,98410,12174,5912499
249,407495,0.109752,0.828456,29621,81455,3491686
250,522587,0.664631,0.017824,89718,93067,19013382
251,527690,0.618342,0.367094,84973,15780,911948
252,69841,0.019604,0.573012,9875,58444,15101577
253,490498,0.434958,0.842636,17981,94134,4933824
254,205828,0.313447,0.620168,56369,48861,16977872
255,360813,0.431072,0.717859,78827,54329,21258251
256,702398,0.887401,0.136761,98779,30807,18003315
257,368908,0.136564,0.293160,89735,55546,7658448
258,521123,0.645498,0.552293,68628,83266,10559127
259,795031,0.244957,0.224597,71215,80668,10794382
260,561814,0.029122,0.117313,4685,42027,196169
261,781958,0.357439,0.979575,36263,48462,3511639
262,5347,0.996708,0.156638,20949,55006,13231687
263,432729,0.571639,0.222528,6626,68039,839570
264,348960,0.854999,0.090411,80005,32390,5037047
265,38260,0.410024,0.827817,98154,68529,7763121
266,725829,0.375368,0.053027,63155,35688,16311391
267,108978,0.318447,0.995573,89069,29387,6987995
268,98894,0.781556,0.268183,18507,69084,14734045
269,41757,0.150487,0.801938,30208,70794,2917561
270,554912,0.263528,0.205725,51122,21977,7448475
271,744960,0.451995,0.497519,32293,20570,6561540
272,425351,0.377243,0.696836,57610,51038,7833396
273,518552,0.510369,0.708051,9911,22702,18128616
274,850580,0.834882,0.284791,85168,18361,1707350
275,574132,0.079383,0.530914,10995,12194,14029998
276,425286,0.287028,0.258381,26001,78404,198247
277,390315,0.098895,0.617929,26816,45422,4173733
278,288702,0.987160,0.911279,51518,18845,424450
279,204076,0.074210,0.784891,66367,25120,10366618
280,79201,0.382654,0.303408,5411,67517,16821182
281,826822,0.490456,0.827218,31325,58823,14774682
282,955569,0.698151,0.189418,16494,14097,4592913
283,867668,0.793850,0.228437,75193,83957,16620493
284,325024,0.601703,0.352761,67910,68923,2014893
285,171695,0.526513,0.583210,28804,83554,12540312
286,819455,0.281391,0.684101,16180,62836,6782040
287,758564,0.832092,0.701700,62597,1781,7621832
288,130584,0.004301,0.922161,37739,72516,6541565
289,708565,0.553825,0.778251,30268,97127,16991225
290,221270,0.087071,0.093903,69969,85590,20626954
291,315905,0.263316,0.727032,69570,90417,19609589
292,997569,0.703128,0.243552,29389,10981,4537344
293,334869,0.498916,0.325108,78773,78601,2673335
294,163565,0.318939,0.516127,67260,43755,9774095
295,998236,0.450222,0.238257,63149,40562,4360984
296,221900,0.638762,0.352569,79405,25712,14031370
297,3715,0.165700,0.240220,85353,24151,12184424
298,502918,0.576797,0.647920,99570,6454,19404981
299,572905,0.604474,0.420946,98941,91438,16688945
300,362555,0.632150,0.849548,47974,82088,13942415
301,488412,0.600289,0.367907,73798,25025,6211208
302,898327,0.532181,0.233198,28450,32240,15440936
303,909946,0.536177,0.541053,16746,5768,10387559
304,885514,0.155429,0.869019,82851,77766,18515138
305,961194,0.801810,0.788228,92413,51730,1789159
306,618482,0.816984,0.872007,99399,31347,19097886
307,574380,0.029019,0.722639,94638,30883,6333391
308,759888,0.926762,0.650253,69546,19133,10117063
309,912872,0.716848,0.842842,82057,69805,8330197
310,799883,0.830817,0.189848,36181,69394,511684
311,643090,0.942498,0.878804,3795,83746,19895877
312,797074,0.246065,0.184472,16507,43052,7502903
313,838941,0.095594,0.633506,66082,80323,19630967
314,983504,0.480153,0.642032,83501,48030,10314872
315,705870,0.034230,0.076956,83276,39555,16088205
316,571177,0.316174,0.695548,63636,15056,8023997
317,516885,0.910328,0.095715,69078,49443,1564582
318,471801,0.892185,0.019503,19932,2576,7519738
319,351629,0.353835,0.501116,96267,82079,13562960
320,877886,0.640094,0.673291,90382,38587,19478065
321,694111,0.304092,0.251635,17123,9006,13805436
322,394633,0.388385,0.156564,52404,74963,13840811
323,679092,0.805940,0.809432,14349,82257,7119719
324,480378,0.568951,0.420350,79529,1028,13713971
325,294467,0.056480,0.942923,87265,69101,12517223
326,407164,0.223642,0.891428,13912,25424,21113051
327,823537,0.711574,0.850765,93197,63012,444821
328,962902,0.763352,0.568558,99033,32396,4354597
329,19778,0.137661,0.878851,16748,25720,9193648
330,800191,0.089530,0.189679,96521,43951,11301755
331,592514,0.244057,0.865672,22285,30603,1112594
332,566351,0.786302,0.237252,94913,84612,10899604
333,887500,0.029213,0.492021,54609,27847,1946802
334,229688,0.838687,0.982646,59604,56212,11788783
335,217298,0.626322,0.066612,94563,52107,8151718
336,876597,0.566302,0.452474,32264,76229,17724466
337,792557,0.696092,0.662959,58250,51732,4451774
338,378520,0.353621,0.464497,32641,51148,3921282
339,812551,0.428450,0.186567,27410,25093,4880629
340,709004,0.330777,0.558794,94839,20404,18372963
341,74172,0.266412,0.166154,54600,1768,19178146
342,300185,0.415541,0.208110,23072,59889,18275559
343,369306,0.749992,0.264211,47472,70726,10715666
344,703192,0.005621,0.980551,11260,35757,2787988
345,187101,0.811997,0.708315,27075,35844,3468619
346,84990,0.283976,0.494387,2393,38186,1092719
347,278080,0.845376,0.166979,61056,40530,11724698
348,625407,0.521416,0.748506,4892,75050,7183986
349,24071,0.456276,0.225044,26927,41589,11448189
350,515367,0.050488,0.971930,45430,12809,16711732
351,531173,0.686645,0.747945,45172,56856,7174522
352,732040,0.697258,0.507656,36832,21813,3082257
353,543224,0.913124,0.314526,17392,6521,8018404
354,183769,0.249050,0.906070,89870,18826,3894110
355,460445,0.096917,0.701352,62375,82487,5015074
356,586183,0.077860,0.454899,15470,43348,12587352
357,570260,0.180275,0.813875,3459,28351,2492327
358,899356,0.972113,0.485945,34086,97412,7586566
359,588039,0.417161,0.559636,49577,52240,2463038
360,538478,0.284013,0.725280,98737,5866,20791840
361,87816,0.893744,0.778288,36850,49740,16008995
362,703056,0.391334,0.731086,36210,81600,4993896
363,472848,0.240467,0.069564,19617,63640,1591290
364,741255,0.688608,0.921804,59623,28953,16337512
365,993574,0.371344,0.486573,87116,30356,21285344
366,431384,0.191041,0.317043,76695,23474,9297907
367,8130,0.591635,0.018234,15330,29709,16002625
368,617118,0.938810,0.962960,43208,66780,11679143
369,696448,0.829436,0.113094,53416,49906,5832736
370,822045,0.438972,0.789093,97425,96868,7783011
371,600012,0.794790,0.846407,83896,79995,3866665
372,55609,0.120335,0.435148,71041,33063,20551741
373,852237,0.859475,0.397957,35736,65930,12577423
374,958638,0.992574,0.713145,37151,79450,21171105
375,731661,0.932690,0.262995,21677,68303,6333779
376,623475,0.464878,0.605662,65339,83762,15238584
377,869612,0.071259,0.338837,70684,41290,14604094
378,785229,0.769657,0.606447,41168,68266,16219432
379,306409,0.136848,0.077815,69063,82691,4319261
380,26671,0.044871,0.623168,62922,3986,7191987
381,988660,0.255788,0.762248,51843,76485,13908823
382,163961,0.245574,0.315816,68937,41226,4702644
383,879296,0.065981,0.905453,27425,53082,11936185
384,768376,0.363888,0.976449,78153,65133,9841945
385,606996,0.358029,0.828976,63881,32899,4674159
386,220448,0.067422,0.382071,81346,30105,12216927
387,381133,0.752694,0.174443,50964,59047,5098993
388,139427,0.365888,0.683114,30542,59087,2484725
389,226062,0.339775,0.503289,99850,36772,1673600
390,628533,0.308191,0.683651,21539,46590,18334983
391,568969,0.384119,0.248591,3036,24122,8958111
392,278249,0.572526,0.314200,95574,31876,18753790
393,442459,0.882900,0.249102,46097,40325,1490535
394,730170,0.571607,0.833446,56126,31393,2681771
395,188124,0.204409,0.852036,28677,76713,17544957
396,127484,0.670284,0.228423,46594,61658,15882843
397,693225,0.669091,0.972851,72203,86826,3895533
398,88254,0.555559,0.309229,17702,10269,14232522
399,391800,0.830809,0.950183,29257,57585,6675946
400,415113,0.529316,0.785807,6384,98766,13812405
401,451343,0.367536,0.865682,13318,2373,12005318
402,706347,0.111336,0.186433,24424,84134,17282691
403,679494,0.657482,0.648239,57928,64602,19510515
404,962137,0.221049,0.889454,54645,42384,3346811
405,469209,0.103196,0.270123,12614,50104,17022647
406,905801,0.673904,0.770006,59712,17974,19509800
407,659726,0.139438,0.562461,91603,20605,14882230
408,524654,0.833756,0.261565,72525,73620,6763095
409,237960,0.030086,0.000862,5487,53235,17810299
410,707428,0.816470,0.477623,32132,37288,3907926
411,166807,0.599255,0.821993,18959,13028,1513473
412,104197,0.224759,0.375465,51510,38630,14522976
413,652301,0.680268,0.991245,51244,24640,21177842
414,327364,0.340811,0.639446,90918,71425,12677977
415,907720,0.222985,0.751761,12683,26286,15777186
416,786154,0.104888,0.396654,70827,31481,564801
417,435989,0.337154,0.496229,60864,58212,17086558
418,559221,0.438549,0.867343,78727,81633,2600487
419,477171,0.812103,0.477867,58212,95072,15110300
420,392096,0.045177,0.339691,9257,96759,10155291
421,327983,0.260430,0.935034,46282,8465,14645107
422,821825,0.235875,0.013694,57037,97204,13399922
423,874029,0.857419,0.068442,26399,75715,3839120
424,611957,0.857768,0.561217,21857,30898,1848991
425,155865,0.837507,0.770082,10132,64009,286961
426,777992,0.758256,0.391383,72866,42765,4162358
427,923883,0.983092,0.871322,47615,65347,15890103
428,137126,0.263234,0.930558,36469,48882,21052132
429,219830,0.596689,0.319174,57297,17849,15602162
430,222914,0.698489,0.595962,21641,91057,6314352
431,464188,0.379292,0.307188,72847,88620,12425798
432,490157,0.450338,0.812952,92210,67700,8262102
433,372469,0.136675,0.023742,16610,37558,14657470
434,973014,0.751812,0.144917,47962,55919,12041560
435,39850,0.368349,0.916620,78831,52310,9456805
436,310869,0.367899,0.480111,80495,75869,19023229
437,100376,0.112087,0.983447,51493,10547,16419187
438,903752,0.224643,0.569383,40863,20541,19900404
439,926873,0.751550,0.423030,79562,66752,21105958
440,641988,0.209440,0.553330,59459,56756,18033894
441,633247,0.311144,0.147777,96813,5884,6333718
442,598484,0.390186,0.006015,18714,57548,8280024
443,604353,0.431140,0.596941,5864,96984,18635546
444,894103,0.952893,0.412745,97219,81103,5787669
445,622696,0.531255,0.316494,84240,27183,6461788
446,551955,0.423408,0.455187,39893,20501,14673823
447,527542,0.377633,0.843017,28571,58345,7903845
448,191558,0.042162,0.650164,97792,11926,1274048
449,962525,0.688464,0.429946,5790,36442,7844869
450,998083,0.197951,0.612124,54100,88873,14987292
451,523116,0.622130,0.843167,93529,36682,2187121
452,337255,0.940628,0.595141,16410,37586,10168412
453,373217,0.031260,0.390266,26802,17004,17791797
454,887982,0.761602,0.228055,42841,65112,10452754
455,176547,0.358177,0.078407,24302,55887,13442792
456,464824,0.886379,0.278894,97123,16806,6525393
457,355395,0.150771,0.148336,96843,6226,12014671
458,149219,0.358732,0.856553,78839,30242,19773957
459,40369,0.298762,0.958283,73025,39807,1047707
460,440934,0.577377,0.007525,29821,7179,7036665
461,734971,0.800134,0.018696,67965,25667,9719349
462,246502,0.171099,0.920044,47516,12214,3619057
463,432338,0.342940,0.186989,75534,86158,10919781
464,53679,0.238177,0.361562,12313,5732,11918421
465,12792,0.991665,0.392236,55281,14894,9494775
466,479084,0.624004,0.844236,85572,57497,17434947
467,301479,0.363797,0.873007,44904,78760,9172799
468,537183,0.607263,0.215618,54365,75445,15590640
469,827449,0.389126,0.117583,17497,14758,17224375
470,966692,0.932022,0.915536,47008,40677,9878583
471,362677,0.849340,0.452335,26033,95878,7952700
472,327866,0.846956,0.988615,40947,91737,5117527
473,53246,0.480325,0.860275,29239,59996,1423274
474,914212,0.347418,0.839791,52144,51720,6190233
475,173064,0.574234,0.719107,33786,22062,8512613
476,83180,0.544468,0.226725,4360,3151,5150077
477,443607,0.941197,0.043499,56101,12150,15536062
478,339673,0.352270,0.455993,31434,20274,12224931
479,48005,0.670902,0.452199,3873,36139,13389288
480,491092,0.277332,0.697577,35472,83907,8934179
481,172166,0.180441,0.485238,30273,51002,21153116
482,941333,0.018573,0.141626,12145,76754,8882043
483,916446,0.336547,0.010152,25230,17562,18660610
484,922282,0.152591,0.992666,32383,70462,13575177
485,167243,0.856318,0.346711,3036,46289,14468071
486,290559,0.555533,0.197797,73492,49598,20006912
487,935065,0.779392,0.362359,71773,41368,8487061
488,651949,0.571955,0.138263,24014,62167,9605746
489,686310,0.832705,0.233674,56182,34309,5316956
490,628611,0.789800,0.609284,67298,60627,15190902
491,125883,0.940715,0.609091,67953,31598,17381791
492,949762,0.856305,0.067422,22529,38783,14213731
493,684769,0.007428,0.940577,26186,81980,649714
494,330699,0.773200,0.942228,814,60298,5121432
495,184616,0.977098,0.936913,96642,46773,7750696
496,641784,0.658003,0.902309,29263,18340,2757563
497,949204,0.021889,0.772130,62416,19933,13148113
498,462040,0.312444,0.142595,6831,49040,1378773
499,578854,0.606545,0.384054,48374,58738,8759159
500,296065,0.649408,0.317554,88450,90453,6994601
501,471822,0.833411,0.155294,5494,28309,12663510
502,443069,0.061551,0.671398,8024,36721,17451477
503,295769,0.932343,0.670813,8290,81698,15897586
504,830402,0.288448,0.578279,3109,30308,4008507
505,150926,0.846066,0.269837,73208,14109,19905504
506,457690,0.877399,0.430867,76246,25762,17912305
507,727542,0.668151,0.126496,5365,3201,5496113
508,410773,0.595440,0.307963,95142,77063,9783850
509,347386,0.892677,0.342248,65471,51198,7330713
510,578338,0.106347,0.585081,64018,66006,12112168
511,61791,0.450825,0.258605,25564,22465,18430207
512,961350,0.484755,0.411133,58602,7192,3191497
513,61569,0.566080,0.651901,57658,56844,4205717
514,818447,0.513735,0.406264,58071,44077,17549151
515,166089,0.956689,0.142884,43396,42456,20199877
516,318474,0.964205,0.682992,23026,22929,7001641
517,922104,0.349151,0.475215,41709,37796,15466905
518,297566,0.249580,0.575457,3932,6012,12613140
519,412216,0.559246,0.504826,37292,79846,6589671
520,658093,0.838367,0.100359,55714,83083,8657618
521,171426,0.620950,0.441577,67046,56167,10426544
522,602419,0.771299,0.500249,88910,82569,18050852
523,736440,0.541469,0.959329,12456,42733,13196385
524,23597,0.868930,0.426687,70146,49186,13997536
525,109695,0.466117,0.481255,36125,8377,1488429
526,513351,0.477367,0.253537,72708,13305,1917475
527,550705,0.603652,0.743274,44639,61587,13423223
528,841399,0.888232,0.396694,10272,22123,4288073
529,247940,0.551338,0.132186,4471,60498,1000568
530,600905,0.037121,0.228832,63244,16617,2864456
531,520672,0.790380,0.372212,15390,9585,15611256
532,339457,0.496582,0.310937,56452,23371,17757877
533,264821,0.829024,0.845547,57951,79275,18556062
534,574278,0.365553,0.583978,82045,53021,16051430
535,927065,0.409980,0.999402,1453,55127,6886128
536,263939,0.034131,0.075730,98699,58739,18114559
537,140163,0.754089,0.177301,97250,94157,11325858
538,769623,0.371676,0.773965,87849,12279,74405
539,912851,0.638437,0.254898,73507,19440,13227924
540,815027,0.303044,0.990035,30,70366,943564
541,546349,0.587875,0.570360,19408,60648,8489083
542,184695,0.495095,0.439553,69868,85171,9664853
543,7981,0.482178,0.002442,8971,97909,20855091
544,366405,0.154755,0.495344,97965,35314,9025415
545,792847,0.656664,0.360773,45779,78323,9672239
546,571079,0.525794,0.856966,94183,79432,5111054
547,681921,0.602882,0.013098,81145,32234,19063441
548,420689,0.761710,0.190281,48848,65336,5367349
549,681355,0.902440,0.782451,68463,31720,7238057
550,106379,0.509428,0.875125,39763,31926,16391041
551,180532,0.098579,0.124874,38179,54680,5352021
552,459110,0.924128,0.456237,72380,24997,5300461
553,77037,0.404718,0.196561,48347,12542,20022433
554,14802,0.652784,0.486856,2467,61806,15799156
555,323268,0.369210,0.102965,69279,10725,3030905
556,145957,0.280795,0.922193,2124,95008,13566486
557,915062,0.221433,0.744603,12761,45619,7579891
558,546596,0.110501,0.299387,56825,3992,8715125
559,545673,0.848519,0.554576,17057,6585,5282924
560,417044,0.253156,0.115958,50833,39339,18829353
561,817512,0.672887,0.518007,39770,2410,21288649
562,435615,0.738674,0.126173,9620,74189,19985444
563,137226,0.696092,0.891333,55554,99434,2089
564,352742,0.198497,0.930285,40591,43135,4848626
565,41972,0.358376,0.545032,67216,65396,19587692
566,977812,0.262457,0.394816,68563,17823,20487459
567,55673,0.338093,0.109528,55709,40898,3841615
568,988761,0.232234,0.204355,17818,3071,7481675
569,908713,0.541408,0.221768,50595,72860,13937744
570,46188,0.043455,0.040937,23650,65593,15328592
571,147938,0.571960,0.001332,96573,86780,14974919
572,171540,0.184765,0.938629,13922,55027,11957529
573,469005,0.384032,0.472023,94666,41584,2973138
574,584093,0.846777,0.680004,89418,8119,18395396
575,719723,0.768826,0.394011,81982,66628,19540626
576,73559,0.077700,0.707620,13448,51373,7663269
577,219671,0.424169,0.271424,5914,42338,12250211
578,194526,0.656625,0.768112,144,87626,19068394
579,147715,0.499719,0.216354,28815,14454,5698299
580,743262,0.580224,0.418355,97067,35388,6144162
581,666753,0.843029,0.597992,77129,60141,7147231
582,254206,0.823154,0.023966,21045,72740,7382482
583,748724,0.604417,0.545975,72217,75496,10365587
584,667414,0.416665,0.340012,50951,35154,3249382
585,33349,0.346962,0.768564,60733,67938,18769307
586,444334,0.429249,0.900256,14872,40181,10069168
587,862165,0.168733,0.950837,14436,49271,2777988
588,947623,0.160262,0.229447,45645,14382,7492727
589,10199,0.589728,0.543096,47202,77407,7898134
590,576123,0.686382,0.252983,4157,57407,16931463
591,178772,0.480238,0.240199,79210,4639,12763167
592,77508,0.793002,0.178717,51054,48217,7030168
593,990003,0.571407,0.744015,14660,10984,8056037
594,526049,0.695090,0.257365,32703,23634,15248634
595,938400,0.393110,0.110248,71940,17839,5738691
596,893117,0.636766,0.740365,21967,33026,19896165
597,598445,0.590489,0.907226,95512,2333,8615990
598,142315,0.854452,0.268711,83946,2872,21049302
599,671771,0.172533,0.244811,61602,5495,13600809
600,768566,0.432832,0.342251,54977,35938,19039307
601,294681,0.987316,0.790546,37335,55195,2462848
602,500042,0.450598,0.465150,96291,16975,19849638
603,787130,0.142880,0.414518,79632,94803,3755237
604,630262,0.388953,0.338173,65448,38545,14167363
605,823993,0.529063,0.534453,75271,11747,5305690
606,200179,0.285411,0.722876,23178,80790,4052736
607,27642,0.280160,0.868729,34342,58338,15499566
608,471432,0.663609,0.598795,23995,89663,6230749
609,179900,0.730305,0.595537,69774,57684,16344558
610,665379,0.384084,0.118459,51016,47380,5947698
611,949959,0.606961,0.018470,71822,8277,7394922
612,943127,0.566541,0.404847,10317,85007,20220273
613,246287,0.950004,0.663644,43043,66842,6973698
614,412224,0.244180,0.914473,19918,61766,3362678
615,40415,0.956798,0.162762,49013,58898,17266827
616,286437,0.737025,0.670482,65472,66849,2730486
617,751220,0.734476,0.661529,3782,23200,14501726
618,727617,0.790882,0.905967,44493,55354,16309050
619,79414,0.966371,0.388028,57470,3493,3149866
620,413300,0.527137,0.415848,9115,12002,2805355
621,444692,0.260413,0.748298,45797,69587,1909452
622,901296,0.704016,0.977799,79223,84003,7136446
623,893322,0.109015,0.341744,78789,80080,18452027
624,668124,0.687430,0.429410,63736,31404,9593018
625,656364,0.653433,0.134278,40402,19556,8653138
626,266976,0.766286,0.752227,79411,30728,5383996
627,821217,0.869393,0.810186,21166,27805,12257086
628,465936,0.893427,0.947426,98651,4321,1418737
629,217576,0.463634,0.370918,54820,63189,18074222
630,378590,0.431643,0.702649,30530,94577,5385128
631,355321,0.916149,0.911135,53006,49237,1598231
632,225436,0.839827,0.259262,89833,90789,9615568
633,435234,0.547317,0.625942,82660,25072,6442154
634,96121,0.222049,0.177931,9854,7809,15550597
635,919891,0.904921,0.733339,28063,27861,2564522
636,928833,0.451519,0.198412,6736,32579,3843471
637,643260,0.759705,0.628462,51485,28206,20617693
638,648305,0.256880,0.081456,62749,3438,6591149
639,808692,0.917189,0.746815,52353,37954,3126114
640,94598,0.890009,0.348507,56962,60118,12043881
641,258042,0.690956,0.570273,13700,40764,14294251
642,130154,0.604027,0.514362,2655,64256,12701155
643,112862,0.125061,0.896308,73775,68261,16126704
644,996739,0.168321,0.462362,31025,7745,8835802
645,290142,0.627990,0.788092,70060,62817,7945556
646,759478,0.130014,0.543251,99658,76761,17126545
647,334008,0.113187,0.640480,82929,61013,15878279
648,304703,0.872710,0.527203,47366,94025,6530541
649,457361,0.505405,0.936577,63638,48609,20257583
650,891952,0.416837,0.562159,17335,53834,9418570
651,745424,0.589049,0.756493,63726,30028,9225330
652,589478,0.911244,0.287299,6161,22471,11601406
653,221942,0.980849,0.645883,47099,98303,9697959
654,871638,0.155280,0.694860,53393,82746,2356278
655,548584,0.260570,0.413887,91196,17180,14828665
656,352872,0.953507,0.646171,97930,37205,15760902
657,30944,0.513250,0.625148,54695,5930,15035005
658,745040,0.473718,0.163013,34598,39201,14084627
659,462515,0.462295,0.435239,54225,45657,2415248
660,637349,0.473920,0.005106,87509,32556,16788328
661,30464,0.064476,0.057205,97412,82515,17980198
662,47005,0.738121,0.800036,65331,93408,15156663
663,967395,0.291889,0.413963,54460,35135,11081177
664,745648,0.357817,0.455541,31843,18896,19836795
665,843061,0.698047,0.345174,22642,85118,11618083
666,684665,0.585253,0.489011,10267,16129,17469692
667,247959,0.395492,0.351373,73855,15554,3368678
668,977861,0.400178,0.670410,71063,24658,2392434
669,744741,0.510743,0.091473,145,90268,16900605
670,782709,0.591614,0.988117,13439,12838,4488297
671,537179,0.870679,0.446398,29718,17117,7746244
672,431019,0.576040,0.822672,16843,94257,13334266
673,904611,0.906896,0.755530,21073,61559,16693505
674,992840,0.840525,0.450098,54096,11561,6121813
675,982347,0.454529,0.688424,2993,20896,7388597
676,763515,0.067100,0.019590,51028,75017,10723540
677,713398,0.363826,0.152123,60871,98493,14058422
678,363755,0.726088,0.871929,27134,43026,4129492
679,120848,0.370486,0.956611,82884,3539,2043866
680,245851,0.785264,0.223850,54084,80500,19989659
681,300277,0.620411,0.699644,24680,5731,4233948
682,295031,0.340092,0.022005,18022,45707,798309
683,609369,0.079795,0.783240,72921,33617,19295846
684,386497,0.880292,0.911341,67253,77016,1450780
685,155411,0.255477,0.562236,31001,11628,291548
686,817278,0.378782,0.907799,92365,17791,14811441
687,628937,0.975078,0.094877,97661,18439,18574606
688,201538,0.208840,0.760177,93964,1464,16546278
689,479025,0.084954,0.911220,60056,4882,540411
690,231647,0.896468,0.001177,5747,19102,2696441
691,33721,0.795572,0.056375,24582,57134,16236527
692,563136,0.604119,0.277755,37846,29676,61523
693,450635,0.101614,0.532392,93023,49950,5087412
694,739200,0.163972,0.875509,48752,78536,17890845
695,411605,0.118779,0.638407,55050,76795,12371532
696,892657,0.679763,0.831696,94154,90066,19184391
697,287571,0.621039,0.066354,46582,7481,13898324
698,255645,0.337131,0.130721,34923,37152,16118852
699,541106,0.585489,0.306049,83447,74838,7170690
700,671011,0.922065,0.282256,82397,82472,18500357
701,641861,0.746666,0.123346,8370,49817,20656433
702,128831,0.554477,0.721240,71170,15761,4024041
703,756716,0.824013,0.150720,74955,20552,12018054
704,475410,0.458163,0.798747,50136,17262,8623008
705,632947,0.126688,0.501421,15737,97079,20481812
706,116301,0.174340,0.310831,21651,75405,9634552
707,762887,0.097331,0.122680,54674,31731,19530264
708,741935,0.523922,0.985947,31588,17349,9121967
709,331257,0.584293,0.179617,78271,64959,7093229
710,611665,0.166831,0.654028,592,50201,17994959
711,209047,0.128165,0.925093,95219,29182,15691774
712,27040,0.669285,0.420457,18005,43413,10648393
713,112420,0.669768,0.723407,47205,98377,16392294
714,195461,0.741037,0.061410,83381,36076,6159125
715,763550,0.122432,0.031175,84639,8419,4639484
716,875742,0.192375,0.165800,61702,38949,11595673
717,660729,0.353727,0.097738,48941,44138,20472355
718,854925,0.562458,0.355401,84837,27319,7087158
719,499139,0.276838,0.568234,93253,42011,2034228
720,928412,0.446882,0.251440,37600,28944,8086843
721,357600,0.272686,0.871195,88293,47607,20237541
722,474965,0.496007,0.759766,2681,68593,13125886
723,579389,0.659677,0.358662,219,13875,12091084
724,751009,0.832547,0.301310,38554,22579,2885281
725,352216,0.468097,0.782605,40015,67644,1201412
726,131010,0.566312,0.584274,90986,35717,1333550
727,569713,0.485124,0.963445,7230,2935,7097498
728,301161,0.018810,0.906567,31217,27770,8982093
729,835034,0.411009,0.791960,63431,75005,20372071
730,711593,0.866825,0.531192,7490,8572,8132119
731,613719,0.862141,0.445220,80666,48189,1754307
732,87186,0.831093,0.605860,58658,86488,7457924
733,981785,0.919107,0.704775,93816,16254,201601
734,984651,0.288313,0.317813,46445,98544,1217279
735,570936,0.778493,0.247214,87986,51990,17758515
736,400627,0.129374,0.030484,80402,15387,9129764
737,266899,0.973405,0.207591,58129,10653,8078313
738,421003,0.754318,0.762570,18818,14198,16337511
739,564274,0.886596,0.493781,97693,70969,13074926
740,934300,0.245857,0.750297,22923,51203,8737891
741,854619,0.237826,0.466104,26287,73388,6080948
742,486516,0.484698,0.584299,22779,85229,1206981
743,398244,0.432670,0.251218,42274,47763,4155900
744,808552,0.120845,0.875654,35084,38585,6655693
745,204619,0.710629,0.502232,31238,9734,2558761
746,514119,0.052478,0.489480,70111,55806,298426
747,874990,0.565519,0.091905,36765,55736,8443100
748,389719,0.336293,0.300571,71886,13093,1570586
749,960110,0.783913,0.432345,20678,73697,11756856
750,494183,0.226726,0.906945,24316,63749,19850226
751,759461,0.557471,0.370596,18349,98076,8592445
752,492942,0.499898,0.037693,97003,70612,20544169
753,294269,0.256011,0.820693,30731,75595,2450984
754,74653,0.837639,0.405624,81124,77858,15890547
755,984275,0.284010,0.485585,7751,76381,3738453
756,994857,0.266136,0.098526,18308,65885,20580753
757,791771,0.330375,0.684212,31377,88210,17120497
758,698776,0.579579,0.009104,17730,13376,16231293
759,87365,0.967272,0.237044,31340,29735,10107090
760,91832,0.351970,0.749102,89542,80909,6663321
761,890561,0.820283,0.689963,68300,64954,18494660
762,217002,0.945662,0.604441,378,49350,19790901
763,182010,0.273701,0.691439,589,35000,453950
764,267473,0.807959,0.621910,83489,92020,7274982
765,467855,0.328033,0.452544,87026,71202,4081822
766,416479,0.881709,0.074620,98941,56838,10115681
767,432014,0.088949,0.527637,32427,54168,1158217
768,681552,0.699498,0.006714,17974,73644,16397008
769,978698,0.517018,0.963213,34327,31603,17120249
770,797158,0.999917,0.645099,5596,20192,2431567
771,137250,0.971305,0.647559,12044,98687,19526131
772,578747,0.626108,0.932777,39765,2425,13203865
773,733406,0.499737,0.906543,7753,7959,3267991
774,364037,0.987017,0.325157,97321,20626,4597170
775,319584,0.217560,0.789173,93770,72880,2712974
776,401153,0.161303,0.833211,95998,17403,10817126
777,376365,0.354381,0.148792,80909,48332,3403984
778,379199,0.313128,0.711112,79782,28938,16169500
779,761659,0.602184,0.735476,16487,88024,16427886
780,656203,0.439419,0.427170,24602,8079,3693838
781,880335,0.594648,0.612209,14455,17269,20591117
782,841537,0.038917,0.045549,58626,34839,7516344
783,12702,0.753426,0.716268,98763,90958,13253668
784,271334,0.944291,0.840569,90622,19560,16816538
785,853118,0.692843,0.489140,79530,54481,17819172
786,109737,0.541100,0.662367,31297,26586,5204191
787,395071,0.521824,0.661948,44792,88857,17652891
788,850117,0.049237,0.031282,11707,83680,9579756
789,169084,0.364625,0.402364,81772,68170,4700043
790,202525,0.644244,0.394884,70219,55825,12072739
791,630039,0.079874,0.015620,19891,2553,9365603
792,975768,0.531926,0.809468,87426,58069,5795792
793,326298,0.419851,0.997281,15202,87615,12326426
794,115887,0.715460,0.174750,98964,42470,8380239
795,14163,0.909579,0.711443,68610,47567,405345
796,350861,0.577544,0.043127,53290,44081,4213263
797,968223,0.407143,0.079880,26652,63367,16462161
798,773150,0.661776,0.577702,98790,91983,10107794
799,52553,0.416525,0.451264,38374,98406,5558089
800,333324,0.525497,0.325450,64480,20044,14893051
801,55093,0.996530,0.096151,12088,81182,5787020
802,933064,0.791838,0.705032,53175,14616,15753628
803,571652,0.512037,0.351712,34721,93911,4481291
804,826619,0.158608,0.579842,42739,42564,5301232
805,808386,0.644808,0.928812,13163,48727,3216008
806,134529,0.479690,0.436973,96244,61505,1732798
807,299403,0.696031,0.035565,33481,15256,4683746
808,751774,0.237344,0.018917,53728,70009,6590014
809,227043,0.420887,0.545060,10209,74686,1332783
810,501985,0.960388,0.923060,92572,90122,13959633
811,459495,0.223172,0.356906,5565,96789,1944057
812,97966,0.322747,0.599213,90448,51683,2525408
813,61461,0.749747,0.723219,28349,34557,19835888
814,489028,0.016664,0.433313,12599,63133,7109656
815,278460,0.763937,0.538261,82202,74893,19326760
816,825818,0.288153,0.235661,23317,59184,13971382
817,979036,0.442331,0.101631,57815,58790,15417760
818,444523,0.056463,0.968580,91264,82895,19177208
819,781194,0.477037,0.714635,26303,41410,4014057
820,782808,0.206976,0.490910,1252,85290,19501947
821,331301,0.145025,0.573215,58158,28519,10764931
822,281770,0.540637,0.776398,92399,24189,13183950
823,510826,0.936478,0.654518,24461,26759,6157107
824,871558,0.871730,0.412628,52301,28612,8160841
825,256518,0.053685,0.597530,34910,82138,11229768
826,106732,0.611044,0.640105,96750,62048,6792445
827,83879,0.374261,0.525161,40723,30842,7393682
828,69909,0.803901,0.835131,60742,37106,16735032
829,907251,0.162806,0.635982,21534,78976,543594
830,168967,0.362704,0.194090,56180,69281,5576124
831,429081,0.671726,0.696595,13446,38296,17212806
832,871164,0.583950,0.104480,71141,19716,2152402
833,297645,0.784212,0.653120,70490,97016,4733480
834,774407,0.872968,0.365199,56747,43117,2779946
835,45781,0.005579,0.507176,82886,64055,18722798
836,60891,0.474913,0.340673,56427,77751,17549382
837,257664,0.625848,0.565494,57302,94121,2019459
838,927723,0.223196,0.243292,303,77001,11446067
839,173264,0.269108,0.328312,52658,6738,11409441
840,66024,0.649630,0.276831,44412,34782,10049450
841,870667,0.673822,0.264733,58013,98277,13566174
842,233457,0.551260,0.434021,54582,41212,12992663
843,868864,0.053703,0.251277,6355,5154,20955852
844,168267,0.683527,0.903351,2134,97706,12191296
845,566351,0.038508,0.379664,48360,2432,8066730
846,612946,0.745405,0.404140,13288,2822,9076694
847,237064,0.667663,0.321957,19720,2049,14182746
848,601588,0.865697,0.299104,64904,77998,9548987
849,547427,0.283412,0.544969,61782,90362,1125557
850,959126,0.835795,0.030770,84328,74207,9642175
851,828519,0.679301,0.376483,43392,38172,12917523
852,274728,0.074444,0.638161,22982,23796,10120469
853,803794,0.774143,0.718002,45488,33432,5687744
854,55474,0.723512,0.562882,14819,7666,1117548
855,575416,0.978043,0.899701,62121,28593,16693436
856,191400,0.395374,0.934056,47048,90618,20368746
857,725781,0.609784,0.356663,93669,8385,15946053
858,666062,0.264011,0.447973,85335,60969,18695708
859,188159,0.718157,0.503259,14316,27986,6231099
860,576622,0.771785,0.298341,71046,82596,5777220
861,606447,0.791392,0.251943,83670,73284,9648392
862,955041,0.447154,0.470876,29275,42729,15375440
863,893631,0.388124,0.663607,73607,87724,3018987
864,755829,0.551409,0.166709,38996,63473,2404051
865,206169,0.620407,0.994878,75494,27446,16077040
866,18055,0.439586,0.236164,85604,88318,16388971
867,682443,0.905355,0.382990,47969,98136,4156728
868,41935,0.559288,0.702875,43101,79916,13720578
869,210044,0.871202,0.986211,34925,50493,1688391
870,82689,0.464842,0.897037,60417,97552,19863850
871,462467,0.159222,0.522844,33511,90083,18379484
872,727625,0.826585,0.287603,41804,8707,20426626
873,476939,0.025168,0.970404,71128,44317,15116124
874,150091,0.054009,0.279023,18597,24064,17616471
875,565991,0.361083,0.012330,46657,76107,14290184
876,320801,0.237692,0.477219,76150,84036,17669397
877,752908,0.473010,0.962837,6697,60495,15730962
878,492299,0.264551,0.454610,88990,81144,10127280
879,565880,0.673072,0.533548,84095,69439,15379409
880,367095,0.034173,0.731636,44442,93500,258060
881,730465,0.276538,0.311267,71161,75555,13009931
882,986354,0.037626,0.411855,99345,17635,2017699
883,643528,0.082490,0.132955,63335,7786,9244351
884,404231,0.667641,0.286425,54850,31573,3468578
885,259328,0.495338,0.475584,15496,45750,2493193
886,684086,0.749808,0.160807,24886,9781,4090779
887,766373,0.964724,0.172824,18992,54189,9107178
888,76761,0.060604,0.126842,4543,18867,5590960
889,657351,0.323708,0.025070,71226,1934,407116
890,945962,0.129287,0.932327,44941,12922,15440324
891,213244,0.431027,0.019881,1488,94882,18187427
892,200557,0.756302,0.502540,4176,63576,17159555
893,573862,0.790594,0.192361,37325,1224,13609703
894,715290,0.083951,0.864510,64050,98832,5544419
895,850813,0.045959,0.767873,38226,25830,16481903
896,134412,0.764208,0.358578,76287,59904,3721484
897,30791,0.718075,0.179063,52062,98448,13308845
898,423356,0.559819,0.878414,14725,59042,4603864
899,153460,0.774357,0.926633,4557,87260,4291474
900,358460,0.689826,0.468564,61539,11905,903081
901,207793,0.408052,0.302846,79230,38877,12311172
902,885247,0.013236,0.945023,514,27926,2530548
903,671844,0.823176,0.534384,51614,20821,18490092
904,734834,0.534681,0.382624,28239,16438,11510429
905,255365,0.155683,0.448767,70809,17429,7090555
906,159992,0.522567,0.913831,81215,79888,2480922
907,658784,0.704965,0.928978,86876,70181,9590257
908,300785,0.438907,0.412006,10188,9273,6533004
909,178096,0.994906,0.377927,27280,42825,9674882
910,176913,0.571933,0.532834,31277,19092,13266351
911,285529,0.930933,0.709034,89809,69909,7990124
912,229058,0.424060,0.986343,5524,74755,1586464
913,164369,0.894114,0.516310,41968,95035,11469658
914,304558,0.881226,0.388662,85907,36660,17782794
915,565897,0.111869,0.095286,71758,44101,14847227
916,462693,0.255519,0.688920,85161,85690,1944870
917,120558,0.772589,0.144015,9376,22615,9461782
918,683956,0.258135,0.393519,90600,91596,1860495
919,235488,0.470103,0.760362,67186,85968,19025883
920,398273,0.420667,0.297368,80117,69316,9946029
921,475858,0.250658,0.872415,98790,14309,1026235
922,465230,0.158580,0.967820,31729,45991,11474103
923,971174,0.525142,0.273167,47653,12672,3026675
924,652134,0.316056,0.408067,29363,24868,15439670
925,862376,0.303158,0.587889,1424,81269,4009696
926,856978,0.644965,0.065702,38584,79360,1178634
927,28202,0.586762,0.216866,12136,54836,4917167
928,8670,0.426994,0.468217,15002,573,1299147
929,858856,0.461679,0.234375,80866,98829,210155
930,439371,0.755412,0.324324,32922,47990,17562298
931,216930,0.460175,0.478802,71697,44080,15835513
932,502494,0.199173,0.862217,93517,45652,801955
933,737291,0.193773,0.008036,37542,31616,7473250
934,636795,0.065632,0.044562,81459,49953,13669760
935,460673,0.313712,0.891926,82049,71921,17274422
936,39785,0.360562,0.724575,14826,12035,18986430
937,688574,0.836882,0.321831,88829,13480,11031680
938,147470,0.309938,0.424902,66997,59311,733341
939,88449,0.308901,0.856947,75835,28791,17387687
940,915518,0.716447,0.527290,12780,83099,7616806
941,231524,0.269265,0.417128,55327,32782,15869994
942,895024,0.670600,0.847117,29610,71238,19679929
943,904791,0.955627,0.171002,19315,70793,13002989
944,174852,0.987769,0.268087,33732,37129,12337708
945,763061,0.791824,0.883364,63928,86545,6635652
946,819617,0.143325,0.080561,3479,34469,8501032
947,181453,0.836338,0.318688,43407,83191,17370061
948,284981,0.131245,0.785501,46825,85361,16381396
949,417164,0.390174,0.726709,42012,97525,17235317
950,199863,0.306382,0.819408,70375,40579,11802948
951,778089,0.101251,0.165975,98385,99502,21472455
952,53872,0.383698,0.794828,32713,99589,13127705
953,706652,0.962662,0.521025,85518,89306,16146577
954,224821,0.953686,0.078360,51798,9178,9386789
955,969343,0.642371,0.174034,36039,29527,5682139
956,756172,0.045612,0.595805,59047,15744,385639
957,463613,0.276813,0.767443,9109,19053,20134630
958,429178,0.055271,0.683659,3746,13963,3404326
959,932078,0.113757,0.798108,72261,26712,11809666
960,249980,0.880920,0.546233,95418,78029,1884784
961,22587,0.687010,0.463163,32578,71250,1124320
962,937590,0.583900,0.881957,6196,23763,20182137
963,547844,0.218154,0.887753,20260,17018,18409488
964,593407,0.413248,0.474760,69261,86639,1325538
965,933631,0.832366,0.437371,93284,68446,18621437
966,129243,0.130741,0.083555,48157,58601,4917349
967,492991,0.035128,0.487373,41969,25133,12610253
968,381752,0.382944,0.439659,56040,38618,1536839
969,759845,0.564776,0.700229,71742,59263,20434727
970,347014,0.369727,0.590168,81401,114,7124528
971,609397,0.839236,0.651558,9634,10435,7272258
972,54114,0.500970,0.214107,52563,39990,5696838
973,382302,0.768993,0.055559,92540,67510,14525444
974,85163,0.641700,0.085665,27273,97207,2177407
975,659926,0.654332,0.063795,57846,5805,13731042
976,338667,0.277702,0.178891,74937,61374,2587109
977,55742,0.286561,0.975090,47947,39204,15676791
978,893541,0.608178,0.510354,46509,56242,18775353
979,491534,0.121793,0.612552,80751,29694,13389637
980,702283,0.045582,0.309620,74198,84628,14482166
981,722882,0.869498,0.838576,38830,27337,5762336
982,28624,0.507662,0.160663,19244,51126,16868264
983,609372,0.207675,0.551329,12797,44777,9091388
984,701593,0.934730,0.116639,79429,40666,14352387
985,195411,0.177127,0.477319,72670,75330,8038007
986,389897,0.078486,0.850023,96773,31542,16383146
987,695802,0.891153,0.488812,19611,79649,6641977
988,582910,0.119931,0.881143,88326,75089,18343323
989,790244,0.174247,0.666103,74029,56641,16898728
990,627053,0.195337,0.898228,59923,50945,15211495
991,953076,0.554486,0.438284,26996,47389,16651630
992,491527,0.576478,0.826887,25478,1695,1749970
993,457392,0.703856,0.565159,59213,93358,7748743
994,248551,0.600174,0.553412,96433,83926,2178385
995,183067,0.735201,0.886533,14551,76299,13555973
996,73000,0.657223,0.595576,49097,38973,7261016
997,803440,0.095756,0.764098,39426,8886,3550946
998,602593,0.356083,0.329381,1782,21163,7142882
999,938524,0.326629,0.311702,78571,76176,17560673
1000,88867,0.223957,0.211464,93781,27048,8667237
